pixel_sha1,n_images,image_ids,splits,n_labels
50b2cc3ae37eabb2c49dd5d8bc13a1591dfcfa4d,3,"train_00289,train_03170,val_00172","train,val",1
596ac53fc09cf5a5d00439973524b13e3c7b8f34,3,"train_01440,train_03874,val_00253","train,val",1
579fd0fa22c8b92e5ada9b73fb3ae4444886f097,2,"test_00170,test_00311",test,1
f1981cce49da0bf77e179c61c8f31672b9914bf3,2,"test_00302,test_00401",test,1
559fbb4b78726a0665214c26864f82e2f11245bd,2,"test_00440,test_00538",test,1
b53c422e1d3ddf69890bb8b200d9c6cdd1e8fa23,2,"train_00029,train_03365",train,1
55416f419ab6faa35bd0c1f38326cdf9fed7a0ed,2,"train_00097,train_04422",train,1
51c0843cc60e5615ce9755367617eaa56c3e7939,2,"train_00226,train_01366",train,1
61b5faf562888ccb4fe6ae5e15c5da5ffc48cc43,2,"train_00662,val_00236","train,val",1
606ee40de8624369a9d1a0499d2b1ba75ba6a39a,2,"train_00779,train_03781",train,1
558cfceeceb6bd01a3ef9fd36c6da6f6c1663b95,2,"train_00782,train_02322",train,1
bf63895d8615d026c6d1d77b11215b7caf240b8c,2,"train_00998,train_03655",train,1
439ace85e84050d0e905d11e78fef5de103ad073,2,"train_01138,train_04293",train,1
7e542c452d84bb2d0f4385751059b8bf5aa3bc45,2,"train_01295,train_04122",train,1
723111eecc27076d8636484bce3e6097f158cc2f,2,"train_01327,train_02254",train,1
0ee4e1c0d027e92b3ec76ac57e7a6430e0a3f4e4,2,"train_01690,train_04590",train,1
0101e4fc2a538d2fad01c21a60e46c0c84385e5d,2,"train_01834,val_00473","train,val",1
293fab31f9936763c198af5dfa7a142d89fea4a0,2,"train_01862,train_04204",train,1
073a2dece75c3c2a95416d1b121916b65d7f6f01,2,"train_02041,val_00061","train,val",1
1379b0b1318c1f5da69ab19da68687b3b72361b6,2,"train_02747,train_03240",train,1
f44df6bba54f400df98ba3aaf62dda8fd9055b7c,2,"train_03130,val_00302","train,val",1
42cf0d12766b80cac1d2574e6ab3ba936aa6bd16,2,"train_03223,train_03561",train,1
f2de66b902dd7374bc74984bb127d39eef6c4af6,2,"train_03348,train_03521",train,1
e698b00e692cfd6cf5c1c087ab5e2f2dcd0b1e2c,2,"train_03722,train_03817",train,1
4d9bd779e4e6784cdb354f6a75900d1c4612c867,2,"train_04036,val_00244","train,val",1
37b542f2c26888c3fe801a551dc2c79e9722bae3,2,"train_04094,train_04512",train,1
4d2a2985abac56ad9fc4880341d60e2e5dee9e54,2,"train_04193,val_00105","train,val",1
